{"cameraMode":{"drawMode":0,"name":"Shaded","section":"Shading Mode"},"sceneLighting":true,"audioPlay":false,"sceneViewState":{"showFog":true,"showMaterialUpdate":false,"showSkybox":true,"showFlares":true,"showImageEffects":true,"showParticleSystems":true},"in2DMode":false,"pivot":{"x":3.520998477935791,"y":-6.456532955169678,"z":8.477140426635743},"rotation":{"x":0.3736839294433594,"y":-0.10319728404283524,"z":0.04187735915184021,"w":0.9208474159240723},"size":23.169567108154298,"orthographic":false}